group,label
B01001,SEX BY AGE
B01001A,SEX BY AGE (WHITE ALONE)
B01001B,SEX BY AGE (BLACK OR AFRICAN AMERICAN ALONE)
B01001C,SEX BY AGE (AMERICAN INDIAN AND ALASKA NATIVE ALONE)
B01001D,SEX BY AGE (ASIAN ALONE)
B01001E,SEX BY AGE (NATIVE HAWAIIAN AND OTHER PACIFIC ISLANDER ALONE)
B01001F,SEX BY AGE (SOME OTHER RACE ALONE)
B01001G,SEX BY AGE (TWO OR MORE RACES)
B01001H,"SEX BY AGE (WHITE ALONE, NOT HISPANIC OR LATINO)"
B01001I,SEX BY AGE (HISPANIC OR LATINO)
B01002,MEDIAN AGE BY SEX
B01002A,MEDIAN AGE BY SEX (WHITE ALONE)
B01002B,MEDIAN AGE BY SEX (BLACK OR AFRICAN AMERICAN ALONE)
B01002C,MEDIAN AGE BY SEX (AMERICAN INDIAN AND ALASKA NATIVE ALONE)
B01002D,MEDIAN AGE BY SEX (ASIAN ALONE)
B01002E,MEDIAN AGE BY SEX (NATIVE HAWAIIAN AND OTHER PACIFIC ISLANDER ALONE)
B01002F,MEDIAN AGE BY SEX (SOME OTHER RACE ALONE)
B01002G,MEDIAN AGE BY SEX (TWO OR MORE RACES)
B01002H,"MEDIAN AGE BY SEX (WHITE ALONE, NOT HISPANIC OR LATINO)"
B01002I,MEDIAN AGE BY SEX (HISPANIC OR LATINO)
B05001,NATIVITY AND CITIZENSHIP STATUS IN THE UNITED STATES
B05001PR,NATIVITY AND CITIZENSHIP STATUS IN PUERTO RICO
B05003,SEX BY AGE BY NATIVITY AND CITIZENSHIP STATUS
B05003A,SEX BY AGE BY NATIVITY AND CITIZENSHIP STATUS (WHITE ALONE)
B05003B,SEX BY AGE BY NATIVITY AND CITIZENSHIP STATUS (BLACK OR AFRICAN AMERICAN ALONE)
B05003C,SEX BY AGE BY NATIVITY AND CITIZENSHIP STATUS (AMERICAN INDIAN AND ALASKA NATIVE ALONE)
B05003D,SEX BY AGE BY NATIVITY AND CITIZENSHIP STATUS (ASIAN ALONE)
B05003E,SEX BY AGE BY NATIVITY AND CITIZENSHIP STATUS (NATIVE HAWAIIAN AND OTHER PACIFIC ISLANDER ALONE)
B05003F,SEX BY AGE BY NATIVITY AND CITIZENSHIP STATUS (SOME OTHER RACE ALONE)
B05003G,SEX BY AGE BY NATIVITY AND CITIZENSHIP STATUS (TWO OR MORE RACES)
B05003H,"SEX BY AGE BY NATIVITY AND CITIZENSHIP STATUS (WHITE ALONE, NOT HISPANIC OR LATINO)"
B05003I,SEX BY AGE BY NATIVITY AND CITIZENSHIP STATUS (HISPANIC OR LATINO)
B05005,PERIOD OF ENTRY BY NATIVITY AND CITIZENSHIP STATUS IN THE UNITED STATES
B05005PR,PERIOD OF ENTRY BY NATIVITY AND CITIZENSHIP STATUS IN PUERTO RICO
B05006,PLACE OF BIRTH FOR THE FOREIGN-BORN POPULATION IN THE UNITED STATES
B05006PR,PLACE OF BIRTH FOR THE FOREIGN-BORN POPULATION IN PUERTO RICO
B05012,NATIVITY IN THE UNITED STATES
B05012PR,NATIVITY IN PUERTO RICO
B06001,PLACE OF BIRTH BY AGE IN THE UNITED STATES
B06001PR,PLACE OF BIRTH BY AGE IN PUERTO RICO
B06002,MEDIAN AGE BY PLACE OF BIRTH IN THE UNITED STATES
B06002PR,MEDIAN AGE BY PLACE OF BIRTH IN PUERTO RICO
B06003,PLACE OF BIRTH BY SEX IN THE UNITED STATES
B06003PR,PLACE OF BIRTH BY SEX IN PUERTO RICO
B06004A,PLACE OF BIRTH (WHITE ALONE) IN THE UNITED STATES
B06004APR,PLACE OF BIRTH (WHITE ALONE) IN PUERTO RICO
B06004B,PLACE OF BIRTH (BLACK OR AFRICAN AMERICAN ALONE) IN THE UNITED STATES
B06004BPR,PLACE OF BIRTH (BLACK OR AFRICAN AMERICAN ALONE) IN PUERTO RICO
B06004C,PLACE OF BIRTH (AMERICAN INDIAN AND ALASKA NATIVE ALONE) IN THE UNITED STATES
B06004CPR,PLACE OF BIRTH (AMERICAN INDIAN AND ALASKA NATIVE ALONE) IN PUERTO RICO
B06004D,PLACE OF BIRTH (ASIAN ALONE) IN THE UNITED STATES
B06004DPR,PLACE OF BIRTH (ASIAN ALONE) IN PUERTO RICO
B06004E,PLACE OF BIRTH (NATIVE HAWAIIAN AND OTHER PACIFIC ISLANDER ALONE) IN THE UNITED STATES
B06004EPR,PLACE OF BIRTH (NATIVE HAWAIIAN AND OTHER PACIFIC ISLANDER ALONE) IN PUERTO RICO
B06004F,PLACE OF BIRTH (SOME OTHER RACE ALONE) IN THE UNITED STATES
B06004FPR,PLACE OF BIRTH (SOME OTHER RACE ALONE) IN PUERTO RICO
B06004G,PLACE OF BIRTH (TWO OR MORE RACES) IN THE UNITED STATES
B06004GPR,PLACE OF BIRTH (TWO OR MORE RACES) IN PUERTO RICO
B06004H,"PLACE OF BIRTH (WHITE ALONE, NOT HISPANIC OR LATINO) IN THE UNITED STATES"
B06004HPR,"PLACE OF BIRTH (WHITE ALONE, NOT HISPANIC OR LATINO) IN PUERTO RICO"
B06004I,PLACE OF BIRTH (HISPANIC OR LATINO) IN THE UNITED STATES
B06004IPR,PLACE OF BIRTH (HISPANIC OR LATINO) IN PUERTO RICO
B06007,PLACE OF BIRTH BY LANGUAGE SPOKEN AT HOME AND ABILITY TO SPEAK ENGLISH IN THE UNITED STATES
B06007PR,PLACE OF BIRTH BY LANGUAGE SPOKEN AT HOME AND ABILITY TO SPEAK ENGLISH IN PUERTO RICO
B06008,PLACE OF BIRTH BY MARITAL STATUS IN THE UNITED STATES
B06008PR,PLACE OF BIRTH BY MARITAL STATUS IN PUERTO RICO
B06009,PLACE OF BIRTH BY EDUCATIONAL ATTAINMENT IN THE UNITED STATES
B06009PR,PLACE OF BIRTH BY EDUCATIONAL ATTAINMENT IN PUERTO RICO
B06010,PLACE OF BIRTH BY INDIVIDUAL INCOME IN THE PAST 12 MONTHS (IN 2019 INFLATION-ADJUSTED DOLLARS) IN THE UNITED STATES
B06010PR,PLACE OF BIRTH BY INDIVIDUAL INCOME IN THE PAST 12 MONTHS (IN 2019 INFLATION-ADJUSTED DOLLARS) IN PUERTO RICO
B06011,MEDIAN INCOME IN THE PAST 12 MONTHS (IN 2019 INFLATION-ADJUSTED DOLLARS) BY PLACE OF BIRTH IN THE UNITED STATES
B06011PR,MEDIAN INCOME IN THE PAST 12 MONTHS (IN 2019 INFLATION-ADJUSTED DOLLARS) BY PLACE OF BIRTH IN PUERTO RICO
B06012,PLACE OF BIRTH BY POVERTY STATUS IN THE PAST 12 MONTHS IN THE UNITED STATES
B06012PR,PLACE OF BIRTH BY POVERTY STATUS IN THE PAST 12 MONTHS IN PUERTO RICO
B07001,GEOGRAPHICAL MOBILITY IN THE PAST YEAR BY AGE FOR CURRENT RESIDENCE IN THE UNITED STATES
B07001PR,GEOGRAPHICAL MOBILITY IN THE PAST YEAR BY AGE FOR CURRENT RESIDENCE IN PUERTO RICO
B07002,MEDIAN AGE BY GEOGRAPHICAL MOBILITY IN THE PAST YEAR FOR CURRENT RESIDENCE IN THE UNITED STATES
B07002PR,MEDIAN AGE BY GEOGRAPHICAL MOBILITY IN THE PAST YEAR FOR CURRENT RESIDENCE IN PUERTO RICO
B07003,GEOGRAPHICAL MOBILITY IN THE PAST YEAR BY SEX FOR CURRENT RESIDENCE IN THE UNITED STATES
B07003PR,GEOGRAPHICAL MOBILITY IN THE PAST YEAR BY SEX FOR CURRENT RESIDENCE IN PUERTO RICO
B07004A,GEOGRAPHICAL MOBILITY IN THE PAST YEAR (WHITE ALONE) FOR CURRENT RESIDENCE IN THE UNITED STATES
B07004APR,GEOGRAPHICAL MOBILITY IN THE PAST YEAR (WHITE ALONE) FOR CURRENT RESIDENCE IN PUERTO RICO
B07004B,GEOGRAPHICAL MOBILITY IN THE PAST YEAR (BLACK OR AFRICAN AMERICAN ALONE) FOR CURRENT RESIDENCE IN THE UNITED STATES
B07004BPR,GEOGRAPHICAL MOBILITY IN THE PAST YEAR (BLACK OR AFRICAN AMERICAN ALONE) FOR CURRENT RESIDENCE IN PUERTO RICO
B07004C,GEOGRAPHICAL MOBILITY IN THE PAST YEAR (AMERICAN INDIAN AND ALASKA NATIVE ALONE) FOR CURRENT RESIDENCE IN THE UNITED STATES
B07004CPR,GEOGRAPHICAL MOBILITY IN THE PAST YEAR (AMERICAN INDIAN AND ALASKA NATIVE ALONE) FOR CURRENT RESIDENCE IN PUERTO RICO
B07004D,GEOGRAPHICAL MOBILITY IN THE PAST YEAR (ASIAN ALONE) FOR CURRENT RESIDENCE IN THE UNITED STATES
B07004DPR,GEOGRAPHICAL MOBILITY IN THE PAST YEAR (ASIAN ALONE) FOR CURRENT RESIDENCE IN PUERTO RICO
B07004E,GEOGRAPHICAL MOBILITY IN THE PAST YEAR (NATIVE HAWAIIAN AND OTHER PACIFIC ISLANDER ALONE) FOR CURRENT RESIDENCE IN THE UNITED STATES
B07004EPR,GEOGRAPHICAL MOBILITY IN THE PAST YEAR (NATIVE HAWAIIAN AND OTHER PACIFIC ISLANDER ALONE) FOR CURRENT RESIDENCE IN PUERTO RICO
B07004F,GEOGRAPHICAL MOBILITY IN THE PAST YEAR (SOME OTHER RACE ALONE) FOR CURRENT RESIDENCE IN THE UNITED STATES
B07004FPR,GEOGRAPHICAL MOBILITY IN THE PAST YEAR (SOME OTHER RACE ALONE) FOR CURRENT RESIDENCE IN PUERTO RICO
B07004G,GEOGRAPHICAL MOBILITY IN THE PAST YEAR (TWO OR MORE RACES) FOR CURRENT RESIDENCE IN THE UNITED STATES
B07004GPR,GEOGRAPHICAL MOBILITY IN THE PAST YEAR (TWO OR MORE RACES) FOR CURRENT RESIDENCE IN PUERTO RICO
B07004H,"GEOGRAPHICAL MOBILITY IN THE PAST YEAR (WHITE ALONE, NOT HISPANIC OR LATINO) FOR CURRENT RESIDENCE IN THE UNITED STATES"
B07004HPR,"GEOGRAPHICAL MOBILITY IN THE PAST YEAR (WHITE ALONE, NOT HISPANIC OR LATINO) FOR CURRENT RESIDENCE IN PUERTO RICO"
B07004I,GEOGRAPHICAL MOBILITY IN THE PAST YEAR (HISPANIC OR LATINO) FOR CURRENT RESIDENCE IN THE UNITED STATES
B07004IPR,GEOGRAPHICAL MOBILITY IN THE PAST YEAR (HISPANIC OR LATINO) FOR CURRENT RESIDENCE IN PUERTO RICO
B07007,GEOGRAPHICAL MOBILITY IN THE PAST YEAR BY CITIZENSHIP STATUS FOR CURRENT RESIDENCE IN THE UNITED STATES
B07007PR,GEOGRAPHICAL MOBILITY IN THE PAST YEAR BY CITIZENSHIP STATUS FOR CURRENT RESIDENCE IN PUERTO RICO
B07008,GEOGRAPHICAL MOBILITY IN THE PAST YEAR BY MARITAL STATUS FOR CURRENT RESIDENCE IN THE UNITED STATES
B07008PR,GEOGRAPHICAL MOBILITY IN THE PAST YEAR BY MARITAL STATUS FOR CURRENT RESIDENCE IN PUERTO RICO
B07009,GEOGRAPHICAL MOBILITY IN THE PAST YEAR BY EDUCATIONAL ATTAINMENT FOR CURRENT RESIDENCE IN THE UNITED STATES
B07009PR,GEOGRAPHICAL MOBILITY IN THE PAST YEAR BY EDUCATIONAL ATTAINMENT FOR CURRENT RESIDENCE IN PUERTO RICO
B07010,GEOGRAPHICAL MOBILITY IN THE PAST YEAR BY INDIVIDUAL INCOME IN THE PAST 12 MONTHS (IN 2019 INFLATION-ADJUSTED DOLLARS) FOR CURRENT RESIDENCE IN THE UNITED STATES
B07010PR,GEOGRAPHICAL MOBILITY IN THE PAST YEAR BY INDIVIDUAL INCOME IN THE PAST 12 MONTHS (IN 2019 INFLATION-ADJUSTED DOLLARS) FOR CURRENT RESIDENCE IN PUERTO RICO
B07011,MEDIAN INCOME IN THE PAST 12 MONTHS (IN 2019 INFLATION-ADJUSTED DOLLARS) BY GEOGRAPHICAL MOBILITY IN THE PAST YEAR FOR CURRENT RESIDENCE IN THE UNITED STATES
B07011PR,MEDIAN INCOME IN THE PAST 12 MONTHS (IN 2019 INFLATION-ADJUSTED DOLLARS) BY GEOGRAPHICAL MOBILITY IN THE PAST YEAR FOR CURRENT RESIDENCE IN PUERTO RICO
B07012,GEOGRAPHICAL MOBILITY IN THE PAST YEAR BY POVERTY STATUS IN THE PAST 12 MONTHS FOR CURRENT RESIDENCE IN THE UNITED STATES
B07012PR,GEOGRAPHICAL MOBILITY IN THE PAST YEAR BY POVERTY STATUS IN THE PAST 12 MONTHS FOR CURRENT RESIDENCE IN PUERTO RICO
B07013,GEOGRAPHICAL MOBILITY IN THE PAST YEAR BY TENURE FOR CURRENT RESIDENCE IN THE UNITED STATES
B07013PR,GEOGRAPHICAL MOBILITY IN THE PAST YEAR BY TENURE FOR CURRENT RESIDENCE IN PUERTO RICO
B07201,GEOGRAPHICAL MOBILITY IN THE PAST YEAR FOR CURRENT RESIDENCE--METROPOLITAN STATISTICAL AREA LEVEL IN THE UNITED STATES
B07201PR,GEOGRAPHICAL MOBILITY IN THE PAST YEAR FOR CURRENT RESIDENCE--METROPOLITAN STATISTICAL AREA LEVEL IN PUERTO RICO
B07202,GEOGRAPHICAL MOBILITY IN THE PAST YEAR FOR CURRENT RESIDENCE--MICROPOLITAN STATISTICAL AREA LEVEL IN THE UNITED STATES
B07202PR,GEOGRAPHICAL MOBILITY IN THE PAST YEAR FOR CURRENT RESIDENCE--MICROPOLITAN STATISTICAL AREA LEVEL IN PUERTO RICO
B07203,GEOGRAPHICAL MOBILITY IN THE PAST YEAR FOR CURRENT RESIDENCE--NOT METROPOLITAN OR MICROPOLITAN STATISTICAL AREA LEVEL IN THE UNITED STATES
B07203PR,GEOGRAPHICAL MOBILITY IN THE PAST YEAR FOR CURRENT RESIDENCE--NOT METROPOLITAN OR MICROPOLITAN STATISTICAL AREA LEVEL IN PUERTO RICO
B07204,"GEOGRAPHICAL MOBILITY IN THE PAST YEAR FOR CURRENT RESIDENCE--STATE, COUNTY AND PLACE LEVEL IN THE UNITED STATES"
B07204PR,"GEOGRAPHICAL MOBILITY IN THE PAST YEAR FOR CURRENT RESIDENCE--STATE, COUNTY AND PLACE LEVEL IN PUERTO RICO"
B07401,GEOGRAPHICAL MOBILITY IN THE PAST YEAR BY AGE FOR RESIDENCE 1 YEAR AGO IN THE UNITED STATES
B07401PR,GEOGRAPHICAL MOBILITY IN THE PAST YEAR BY AGE FOR RESIDENCE 1 YEAR AGO IN PUERTO RICO
B07402,MEDIAN AGE BY GEOGRAPHICAL MOBILITY IN THE PAST YEAR FOR RESIDENCE 1 YEAR AGO IN THE UNITED STATES
B07402PR,MEDIAN AGE BY GEOGRAPHICAL MOBILITY IN THE PAST YEAR FOR RESIDENCE 1 YEAR AGO IN PUERTO RICO
B07403,GEOGRAPHICAL MOBILITY IN THE PAST YEAR BY SEX FOR RESIDENCE 1 YEAR AGO IN THE UNITED STATES
B07403PR,GEOGRAPHICAL MOBILITY IN THE PAST YEAR BY SEX FOR RESIDENCE 1 YEAR AGO IN PUERTO RICO
B07404A,GEOGRAPHICAL MOBILITY IN THE PAST YEAR (WHITE ALONE) FOR RESIDENCE 1 YEAR AGO IN THE UNITED STATES
B07404APR,GEOGRAPHICAL MOBILITY IN THE PAST YEAR (WHITE ALONE) FOR RESIDENCE 1 YEAR AGO IN PUERTO RICO
B07404B,GEOGRAPHICAL MOBILITY IN THE PAST YEAR (BLACK OR AFRICAN AMERICAN ALONE) FOR RESIDENCE 1 YEAR AGO IN THE UNITED STATES
B07404BPR,GEOGRAPHICAL MOBILITY IN THE PAST YEAR (BLACK OR AFRICAN AMERICAN ALONE) FOR RESIDENCE 1 YEAR AGO IN PUERTO RICO
B07404C,GEOGRAPHICAL MOBILITY IN THE PAST YEAR (AMERICAN INDIAN AND ALASKA NATIVE ALONE) FOR RESIDENCE 1 YEAR AGO IN THE UNITED STATES
B07404CPR,GEOGRAPHICAL MOBILITY IN THE PAST YEAR (AMERICAN INDIAN AND ALASKA NATIVE ALONE) FOR RESIDENCE 1 YEAR AGO IN PUERTO RICO
B07404D,GEOGRAPHICAL MOBILITY IN THE PAST YEAR (ASIAN ALONE) FOR RESIDENCE 1 YEAR AGO IN THE UNITED STATES
B07404DPR,GEOGRAPHICAL MOBILITY IN THE PAST YEAR (ASIAN ALONE) FOR RESIDENCE 1 YEAR AGO IN PUERTO RICO
B07404E,GEOGRAPHICAL MOBILITY IN THE PAST YEAR (NATIVE HAWAIIAN AND OTHER PACIFIC ISLANDER ALONE) FOR RESIDENCE 1 YEAR AGO IN THE UNITED STATES
B07404EPR,GEOGRAPHICAL MOBILITY IN THE PAST YEAR (NATIVE HAWAIIAN AND OTHER PACIFIC ISLANDER ALONE) FOR RESIDENCE 1 YEAR AGO IN PUERTO RICO
B07404F,GEOGRAPHICAL MOBILITY IN THE PAST YEAR (SOME OTHER RACE ALONE) FOR RESIDENCE 1 YEAR AGO IN THE UNITED STATES
B07404FPR,GEOGRAPHICAL MOBILITY IN THE PAST YEAR (SOME OTHER RACE ALONE) FOR RESIDENCE 1 YEAR AGO IN PUERTO RICO
B07404G,GEOGRAPHICAL MOBILITY IN THE PAST YEAR (TWO OR MORE RACES) FOR RESIDENCE 1 YEAR AGO IN THE UNITED STATES
B07404GPR,GEOGRAPHICAL MOBILITY IN THE PAST YEAR (TWO OR MORE RACES) FOR RESIDENCE 1 YEAR AGO IN PUERTO RICO
B07404H,"GEOGRAPHICAL MOBILITY IN THE PAST YEAR (WHITE ALONE, NOT HISPANIC OR LATINO) FOR RESIDENCE 1 YEAR AGO IN THE UNITED STATES"
B07404HPR,"GEOGRAPHICAL MOBILITY IN THE PAST YEAR (WHITE ALONE, NOT HISPANIC OR LATINO) FOR RESIDENCE 1 YEAR AGO IN PUERTO RICO"
B07404I,GEOGRAPHICAL MOBILITY IN THE PAST YEAR (HISPANIC OR LATINO) FOR RESIDENCE 1 YEAR AGO IN THE UNITED STATES
B07404IPR,GEOGRAPHICAL MOBILITY IN THE PAST YEAR (HISPANIC OR LATINO) FOR RESIDENCE 1 YEAR AGO IN PUERTO RICO
B07407,GEOGRAPHICAL MOBILITY IN THE PAST YEAR BY CITIZENSHIP STATUS FOR RESIDENCE 1 YEAR AGO IN THE UNITED STATES
B07407PR,GEOGRAPHICAL MOBILITY IN THE PAST YEAR BY CITIZENSHIP STATUS FOR RESIDENCE 1 YEAR AGO IN PUERTO RICO
B07408,GEOGRAPHICAL MOBILITY IN THE PAST YEAR BY MARITAL STATUS FOR RESIDENCE 1 YEAR AGO IN THE UNITED STATES
B07408PR,GEOGRAPHICAL MOBILITY IN THE PAST YEAR BY MARITAL STATUS FOR RESIDENCE 1 YEAR AGO IN PUERTO RICO
B07409,GEOGRAPHICAL MOBILITY IN THE PAST YEAR BY EDUCATIONAL ATTAINMENT FOR RESIDENCE 1 YEAR AGO IN THE UNITED STATES
B07409PR,GEOGRAPHICAL MOBILITY IN THE PAST YEAR BY EDUCATIONAL ATTAINMENT FOR RESIDENCE 1 YEAR AGO IN PUERTO RICO
B07410,GEOGRAPHICAL MOBILITY IN THE PAST YEAR BY INDIVIDUAL INCOME IN THE PAST 12 MONTHS (IN 2019 INFLATION-ADJUSTED DOLLARS) FOR RESIDENCE 1 YEAR AGO IN THE UNITED STATES
B07410PR,GEOGRAPHICAL MOBILITY IN THE PAST YEAR BY INDIVIDUAL INCOME IN THE PAST 12 MONTHS (IN 2019 INFLATION-ADJUSTED DOLLARS) FOR RESIDENCE 1 YEAR AGO IN PUERTO RICO
B07411,MEDIAN INCOME IN THE PAST 12 MONTHS (IN 2019 INFLATION-ADJUSTED DOLLARS) BY GEOGRAPHICAL MOBILITY IN THE PAST YEAR FOR RESIDENCE 1 YEAR AGO IN THE UNITED STATES
B07411PR,MEDIAN INCOME IN THE PAST 12 MONTHS (IN 2019 INFLATION-ADJUSTED DOLLARS) BY GEOGRAPHICAL MOBILITY IN THE PAST YEAR FOR RESIDENCE 1 YEAR AGO IN PUERTO RICO
B07412,GEOGRAPHICAL MOBILITY IN THE PAST YEAR BY POVERTY STATUS IN THE PAST 12 MONTHS FOR RESIDENCE 1 YEAR AGO IN THE UNITED STATES
B07412PR,GEOGRAPHICAL MOBILITY IN THE PAST YEAR BY POVERTY STATUS IN THE PAST 12 MONTHS FOR RESIDENCE 1 YEAR AGO IN PUERTO RICO
B07413,GEOGRAPHICAL MOBILITY IN THE PAST YEAR BY TENURE FOR RESIDENCE 1 YEAR AGO IN THE UNITED STATES
B07413PR,GEOGRAPHICAL MOBILITY IN THE PAST YEAR BY TENURE FOR RESIDENCE 1 YEAR AGO IN PUERTO RICO
B08105A,MEANS OF TRANSPORTATION TO WORK (WHITE ALONE)
B08105B,MEANS OF TRANSPORTATION TO WORK (BLACK OR AFRICAN AMERICAN ALONE)
B08105C,MEANS OF TRANSPORTATION TO WORK (AMERICAN INDIAN AND ALASKA NATIVE ALONE)
B08105D,MEANS OF TRANSPORTATION TO WORK (ASIAN ALONE)
B08105E,MEANS OF TRANSPORTATION TO WORK (NATIVE HAWAIIAN AND OTHER PACIFIC ISLANDER ALONE)
B08105F,MEANS OF TRANSPORTATION TO WORK (SOME OTHER RACE ALONE)
B08105G,MEANS OF TRANSPORTATION TO WORK (TWO OR MORE RACES)
B08105H,"MEANS OF TRANSPORTATION TO WORK (WHITE ALONE, NOT HISPANIC OR LATINO)"
B08105I,MEANS OF TRANSPORTATION TO WORK (HISPANIC OR LATINO)
B08505A,MEANS OF TRANSPORTATION TO WORK FOR WORKPLACE GEOGRAPHY (WHITE ALONE)
B08505B,MEANS OF TRANSPORTATION TO WORK FOR WORKPLACE GEOGRAPHY (BLACK OR AFRICAN AMERICAN ALONE)
B08505C,MEANS OF TRANSPORTATION TO WORK FOR WORKPLACE GEOGRAPHY (AMERICAN INDIAN AND ALASKA NATIVE ALONE)
B08505D,MEANS OF TRANSPORTATION TO WORK FOR WORKPLACE GEOGRAPHY (ASIAN ALONE)
B08505E,MEANS OF TRANSPORTATION TO WORK FOR WORKPLACE GEOGRAPHY (NATIVE HAWAIIAN AND OTHER PACIFIC ISLANDER ALONE)
B08505F,MEANS OF TRANSPORTATION TO WORK FOR WORKPLACE GEOGRAPHY (SOME OTHER RACE ALONE)
B08505G,MEANS OF TRANSPORTATION TO WORK FOR WORKPLACE GEOGRAPHY (TWO OR MORE RACES)
B08505H,"MEANS OF TRANSPORTATION TO WORK FOR WORKPLACE GEOGRAPHY (WHITE ALONE, NOT HISPANIC OR LATINO)"
B08505I,MEANS OF TRANSPORTATION TO WORK FOR WORKPLACE GEOGRAPHY (HISPANIC OR LATINO)
B10051,GRANDPARENTS LIVING WITH OWN GRANDCHILDREN UNDER 18 YEARS BY RESPONSIBILITY FOR OWN GRANDCHILDREN BY PRESENCE OF PARENT OF GRANDCHILDREN AND AGE OF GRANDPARENT
B10051A,GRANDPARENTS LIVING WITH OWN GRANDCHILDREN UNDER 18 YEARS BY RESPONSIBILITY FOR OWN GRANDCHILDREN AND AGE OF GRANDPARENT (WHITE ALONE)
B10051B,GRANDPARENTS LIVING WITH OWN GRANDCHILDREN UNDER 18 YEARS BY RESPONSIBILITY FOR OWN GRANDCHILDREN AND AGE OF GRANDPARENT (BLACK OR AFRICAN AMERICAN ALONE)
B10051C,GRANDPARENTS LIVING WITH OWN GRANDCHILDREN UNDER 18 YEARS BY RESPONSIBILITY FOR OWN GRANDCHILDREN AND AGE OF GRANDPARENT (AMERICAN INDIAN AND ALASKA NATIVE ALONE)
B10051D,GRANDPARENTS LIVING WITH OWN GRANDCHILDREN UNDER 18 YEARS BY RESPONSIBILITY FOR OWN GRANDCHILDREN AND AGE OF GRANDPARENT (ASIAN ALONE)
B10051E,GRANDPARENTS LIVING WITH OWN GRANDCHILDREN UNDER 18 YEARS BY RESPONSIBILITY FOR OWN GRANDCHILDREN AND AGE OF GRANDPARENT (NATIVE HAWAIIAN AND OTHER PACIFIC ISLANDER ALONE)
B10051F,GRANDPARENTS LIVING WITH OWN GRANDCHILDREN UNDER 18 YEARS BY RESPONSIBILITY FOR OWN GRANDCHILDREN AND AGE OF GRANDPARENT (SOME OTHER RACE ALONE)
B10051G,GRANDPARENTS LIVING WITH OWN GRANDCHILDREN UNDER 18 YEARS BY RESPONSIBILITY FOR OWN GRANDCHILDREN AND AGE OF GRANDPARENT (TWO OR MORE RACES)
B10051H,"GRANDPARENTS LIVING WITH OWN GRANDCHILDREN UNDER 18 YEARS BY RESPONSIBILITY FOR OWN GRANDCHILDREN AND AGE OF GRANDPARENT (WHITE ALONE, NOT HISPANIC OR LATINO)"
B10051I,GRANDPARENTS LIVING WITH OWN GRANDCHILDREN UNDER 18 YEARS BY RESPONSIBILITY FOR OWN GRANDCHILDREN AND AGE OF GRANDPARENT (HISPANIC OR LATINO)
B11001,HOUSEHOLD TYPE (INCLUDING LIVING ALONE)
B11001A,HOUSEHOLD TYPE (INCLUDING LIVING ALONE) (WHITE ALONE)
B11001B,HOUSEHOLD TYPE (INCLUDING LIVING ALONE) (BLACK OR AFRICAN AMERICAN ALONE)
B11001C,HOUSEHOLD TYPE (INCLUDING LIVING ALONE) (AMERICAN INDIAN AND ALASKA NATIVE ALONE)
B11001D,HOUSEHOLD TYPE (INCLUDING LIVING ALONE) (ASIAN ALONE)
B11001E,HOUSEHOLD TYPE (INCLUDING LIVING ALONE) (NATIVE HAWAIIAN AND OTHER PACIFIC ISLANDER ALONE)
B11001F,HOUSEHOLD TYPE (INCLUDING LIVING ALONE) (SOME OTHER RACE ALONE)
B11001G,HOUSEHOLD TYPE (INCLUDING LIVING ALONE) (TWO OR MORE RACES)
B11001H,"HOUSEHOLD TYPE (INCLUDING LIVING ALONE) (WHITE ALONE, NOT HISPANIC OR LATINO)"
B11001I,HOUSEHOLD TYPE (INCLUDING LIVING ALONE) (HISPANIC OR LATINO)
B11002,HOUSEHOLD TYPE BY RELATIVES AND NONRELATIVES FOR POPULATION IN HOUSEHOLDS
B11002A,HOUSEHOLD TYPE BY RELATIVES AND NONRELATIVES FOR POPULATION IN HOUSEHOLDS (WHITE ALONE)
B11002B,HOUSEHOLD TYPE BY RELATIVES AND NONRELATIVES FOR POPULATION IN HOUSEHOLDS (BLACK OR AFRICAN AMERICAN ALONE)
B11002C,HOUSEHOLD TYPE BY RELATIVES AND NONRELATIVES FOR POPULATION IN HOUSEHOLDS (AMERICAN INDIAN AND ALASKA NATIVE ALONE)
B11002D,HOUSEHOLD TYPE BY RELATIVES AND NONRELATIVES FOR POPULATION IN HOUSEHOLDS (ASIAN ALONE)
B11002E,HOUSEHOLD TYPE BY RELATIVES AND NONRELATIVES FOR POPULATION IN HOUSEHOLDS (NATIVE HAWAIIAN AND OTHER PACIFIC ISLANDER ALONE)
B11002F,HOUSEHOLD TYPE BY RELATIVES AND NONRELATIVES FOR POPULATION IN HOUSEHOLDS (SOME OTHER RACE ALONE)
B11002G,HOUSEHOLD TYPE BY RELATIVES AND NONRELATIVES FOR POPULATION IN HOUSEHOLDS (TWO OR MORE RACES)
B11002H,"HOUSEHOLD TYPE BY RELATIVES AND NONRELATIVES FOR POPULATION IN HOUSEHOLDS (WHITE ALONE, NOT HISPANIC OR LATINO)"
B11002I,HOUSEHOLD TYPE BY RELATIVES AND NONRELATIVES FOR POPULATION IN HOUSEHOLDS (HISPANIC OR LATINO)
B12002,SEX BY MARITAL STATUS BY AGE FOR THE POPULATION 15 YEARS AND OVER
B12002A,SEX BY MARITAL STATUS FOR THE POPULATION 15 YEARS AND OVER (WHITE ALONE)
B12002B,SEX BY MARITAL STATUS FOR THE POPULATION 15 YEARS AND OVER (BLACK OR AFRICAN AMERICAN ALONE)
B12002C,SEX BY MARITAL STATUS FOR THE POPULATION 15 YEARS AND OVER (AMERICAN INDIAN AND ALASKA NATIVE ALONE)
B12002D,SEX BY MARITAL STATUS FOR THE POPULATION 15 YEARS AND OVER (ASIAN ALONE)
B12002E,SEX BY MARITAL STATUS FOR THE POPULATION 15 YEARS AND OVER (NATIVE HAWAIIAN AND OTHER PACIFIC ISLANDER ALONE)
B12002F,SEX BY MARITAL STATUS FOR THE POPULATION 15 YEARS AND OVER (SOME OTHER RACE ALONE)
B12002G,SEX BY MARITAL STATUS FOR THE POPULATION 15 YEARS AND OVER (TWO OR MORE RACES)
B12002H,"SEX BY MARITAL STATUS FOR THE POPULATION 15 YEARS AND OVER (WHITE ALONE, NOT HISPANIC OR LATINO)"
B12002I,SEX BY MARITAL STATUS FOR THE POPULATION 15 YEARS AND OVER (HISPANIC OR LATINO)
B12007,MEDIAN AGE AT FIRST MARRIAGE
B12007A,MEDIAN AGE AT FIRST MARRIAGE (WHITE ALONE)
B12007B,MEDIAN AGE AT FIRST MARRIAGE (BLACK OR AFRICAN AMERICAN ALONE)
B12007C,MEDIAN AGE AT FIRST MARRIAGE (AMERICAN INDIAN AND ALASKA NATIVE ALONE)
B12007D,MEDIAN AGE AT FIRST MARRIAGE (ASIAN ALONE)
B12007E,MEDIAN AGE AT FIRST MARRIAGE (NATIVE HAWAIIAN AND OTHER PACIFIC ISLANDER ALONE)
B12007F,MEDIAN AGE AT FIRST MARRIAGE (SOME OTHER RACE ALONE)
B12007G,MEDIAN AGE AT FIRST MARRIAGE (TWO OR MORE RACES)
B12007H,"MEDIAN AGE AT FIRST MARRIAGE (WHITE ALONE, NOT HISPANIC OR LATINO)"
B12007I,MEDIAN AGE AT FIRST MARRIAGE (HISPANIC OR LATINO)
B13002,WOMEN 15 TO 50 YEARS WHO HAD A BIRTH IN THE PAST 12 MONTHS BY MARITAL STATUS AND AGE
B13002A,WOMEN 15 TO 50 YEARS WHO HAD A BIRTH IN THE PAST 12 MONTHS BY MARITAL STATUS (WHITE ALONE)
B13002B,WOMEN 15 TO 50 YEARS WHO HAD A BIRTH IN THE PAST 12 MONTHS BY MARITAL STATUS (BLACK OR AFRICAN AMERICAN ALONE)
B13002C,WOMEN 15 TO 50 YEARS WHO HAD A BIRTH IN THE PAST 12 MONTHS BY MARITAL STATUS (AMERICAN INDIAN AND ALASKA NATIVE ALONE)
B13002D,WOMEN 15 TO 50 YEARS WHO HAD A BIRTH IN THE PAST 12 MONTHS BY MARITAL STATUS (ASIAN ALONE)
B13002E,WOMEN 15 TO 50 YEARS WHO HAD A BIRTH IN THE PAST 12 MONTHS BY MARITAL STATUS (NATIVE HAWAIIAN AND OTHER PACIFIC ISLANDER ALONE)
B13002F,WOMEN 15 TO 50 YEARS WHO HAD A BIRTH IN THE PAST 12 MONTHS BY MARITAL STATUS (SOME OTHER RACE ALONE)
B13002G,WOMEN 15 TO 50 YEARS WHO HAD A BIRTH IN THE PAST 12 MONTHS BY MARITAL STATUS (TWO OR MORE RACES)
B13002H,"WOMEN 15 TO 50 YEARS WHO HAD A BIRTH IN THE PAST 12 MONTHS BY MARITAL STATUS (WHITE ALONE, NOT HISPANIC OR LATINO)"
B13002I,WOMEN 15 TO 50 YEARS WHO HAD A BIRTH IN THE PAST 12 MONTHS BY MARITAL STATUS (HISPANIC OR LATINO)
B14007,SCHOOL ENROLLMENT BY DETAILED  LEVEL OF SCHOOL FOR THE POPULATION 3 YEARS AND OVER
B14007A,SCHOOL ENROLLMENT BY DETAILED LEVEL OF SCHOOL FOR THE POPULATION 3 YEARS AND OVER (WHITE ALONE)
B14007B,SCHOOL ENROLLMENT BY DETAILED LEVEL OF SCHOOL FOR THE POPULATION 3 YEARS AND OVER (BLACK OR AFRICAN AMERICAN ALONE)
B14007C,SCHOOL ENROLLMENT BY DETAILED LEVEL OF SCHOOL FOR THE POPULATION 3 YEARS AND OVER (AMERICAN INDIAN AND ALASKA NATIVE ALONE)
B14007D,SCHOOL ENROLLMENT BY DETAILED LEVEL OF SCHOOL FOR THE POPULATION 3 YEARS AND OVER (ASIAN ALONE)
B14007E,SCHOOL ENROLLMENT BY DETAILED LEVEL OF SCHOOL FOR THE POPULATION 3 YEARS AND OVER (NATIVE HAWAIIAN AND OTHER PACIFIC ISLANDER ALONE)
B14007F,SCHOOL ENROLLMENT BY DETAILED LEVEL OF SCHOOL FOR THE POPULATION 3 YEARS AND OVER (SOME OTHER RACE ALONE)
B14007G,SCHOOL ENROLLMENT BY DETAILED LEVEL OF SCHOOL FOR THE POPULATION 3 YEARS AND OVER (TWO OR MORE RACES)
B14007H,"SCHOOL ENROLLMENT BY DETAILED LEVEL OF SCHOOL FOR THE POPULATION 3 YEARS AND OVER (WHITE ALONE, NOT HISPANIC OR LATINO)"
B14007I,SCHOOL ENROLLMENT BY DETAILED LEVEL OF SCHOOL FOR THE POPULATION 3 YEARS AND OVER (HISPANIC OR LATINO)
B16005,NATIVITY BY LANGUAGE SPOKEN AT HOME BY ABILITY TO SPEAK ENGLISH FOR THE POPULATION 5 YEARS AND OVER
B16005A,NATIVITY BY LANGUAGE SPOKEN AT HOME BY ABILITY TO SPEAK ENGLISH FOR THE POPULATION 5 YEARS AND OVER (WHITE ALONE)
B16005B,NATIVITY BY LANGUAGE SPOKEN AT HOME BY ABILITY TO SPEAK ENGLISH FOR THE POPULATION 5 YEARS AND OVER (BLACK OR AFRICAN AMERICAN ALONE)
B16005C,NATIVITY BY LANGUAGE SPOKEN AT HOME BY ABILITY TO SPEAK ENGLISH FOR THE POPULATION 5 YEARS AND OVER (AMERICAN INDIAN AND ALASKA NATIVE ALONE)
B16005D,NATIVITY BY LANGUAGE SPOKEN AT HOME BY ABILITY TO SPEAK ENGLISH FOR THE POPULATION 5 YEARS AND OVER (ASIAN ALONE)
B16005E,NATIVITY BY LANGUAGE SPOKEN AT HOME BY ABILITY TO SPEAK ENGLISH FOR THE POPULATION 5 YEARS AND OVER (NATIVE HAWAIIAN AND OTHER PACIFIC ISLANDER ALONE)
B16005F,NATIVITY BY LANGUAGE SPOKEN AT HOME BY ABILITY TO SPEAK ENGLISH FOR THE POPULATION 5 YEARS AND OVER (SOME OTHER RACE ALONE)
B16005G,NATIVITY BY LANGUAGE SPOKEN AT HOME BY ABILITY TO SPEAK ENGLISH FOR THE POPULATION 5 YEARS AND OVER (TWO OR MORE RACES)
B16005H,"NATIVITY BY LANGUAGE SPOKEN AT HOME BY ABILITY TO SPEAK ENGLISH FOR THE POPULATION 5 YEARS AND OVER (WHITE ALONE, NOT HISPANIC OR LATINO)"
B16005I,NATIVITY BY LANGUAGE SPOKEN AT HOME BY ABILITY TO SPEAK ENGLISH FOR THE POPULATION 5 YEARS AND OVER (HISPANIC OR LATINO)
B17001,POVERTY STATUS IN THE PAST 12 MONTHS BY SEX BY AGE
B17001A,POVERTY STATUS IN THE PAST 12 MONTHS BY SEX BY AGE (WHITE ALONE)
B17001B,POVERTY STATUS IN THE PAST 12 MONTHS BY SEX BY AGE (BLACK OR AFRICAN AMERICAN ALONE)
B17001C,POVERTY STATUS IN THE PAST 12 MONTHS BY SEX BY AGE (AMERICAN INDIAN AND ALASKA NATIVE ALONE)
B17001D,POVERTY STATUS IN THE PAST 12 MONTHS BY SEX BY AGE (ASIAN ALONE)
B17001E,POVERTY STATUS IN THE PAST 12 MONTHS BY SEX BY AGE (NATIVE HAWAIIAN AND OTHER PACIFIC ISLANDER ALONE)
B17001F,POVERTY STATUS IN THE PAST 12 MONTHS BY SEX BY AGE (SOME OTHER RACE ALONE)
B17001G,POVERTY STATUS IN THE PAST 12 MONTHS BY SEX BY AGE (TWO OR MORE RACES)
B17001H,"POVERTY STATUS IN THE PAST 12 MONTHS BY SEX BY AGE (WHITE ALONE, NOT HISPANIC OR LATINO)"
B17001I,POVERTY STATUS IN THE PAST 12 MONTHS BY SEX BY AGE (HISPANIC OR LATINO)
B17010,POVERTY STATUS IN THE PAST 12 MONTHS OF FAMILIES BY FAMILY TYPE BY PRESENCE OF RELATED CHILDREN UNDER 18 YEARS BY AGE OF RELATED CHILDREN
B17010A,POVERTY STATUS IN THE PAST 12 MONTHS OF FAMILIES BY FAMILY TYPE BY PRESENCE OF RELATED CHILDREN UNDER 18 YEARS BY AGE OF RELATED CHILDREN (WHITE ALONE HOUSEHOLDER)
B17010B,POVERTY STATUS IN THE PAST 12 MONTHS OF FAMILIES BY FAMILY TYPE BY PRESENCE OF RELATED CHILDREN UNDER 18 YEARS BY AGE OF RELATED CHILDREN (BLACK OR AFRICAN AMERICAN ALONE HOUSEHOLDER)
B17010C,POVERTY STATUS IN THE PAST 12 MONTHS OF FAMILIES BY FAMILY TYPE BY PRESENCE OF RELATED CHILDREN UNDER 18 YEARS BY AGE OF RELATED CHILDREN (AMERICAN INDIAN AND ALASKA NATIVE ALONE)
B17010D,POVERTY STATUS IN THE PAST 12 MONTHS OF FAMILIES BY FAMILY TYPE BY PRESENCE OF RELATED CHILDREN UNDER 18 YEARS BY AGE OF RELATED CHILDREN (ASIAN ALONE HOUSEHOLDER)
B17010E,POVERTY STATUS IN THE PAST 12 MONTHS OF FAMILIES BY FAMILY TYPE BY PRESENCE OF RELATED CHILDREN UNDER 18 YEARS BY AGE OF RELATED CHILDREN (NATIVE HAWAIIAN AND OTHER PACIFIC ISLANDER ALONE HOUSEHOLDER)
B17010F,POVERTY STATUS IN THE PAST 12 MONTHS OF FAMILIES BY FAMILY TYPE BY PRESENCE OF RELATED CHILDREN UNDER 18 YEARS BY AGE OF RELATED CHILDREN (SOME OTHER RACE ALONE HOUSEHOLDER)
B17010G,POVERTY STATUS IN THE PAST 12 MONTHS OF FAMILIES BY FAMILY TYPE BY PRESENCE OF RELATED CHILDREN UNDER 18 YEARS BY AGE OF RELATED CHILDREN (TWO OR MORE RACES HOUSEHOLDER)
B17010H,"POVERTY STATUS IN THE PAST 12 MONTHS OF FAMILIES BY FAMILY TYPE BY PRESENCE OF RELATED CHILDREN UNDER 18 YEARS BY AGE OF RELATED CHILDREN (WHITE ALONE, NOT HISPANIC OR LATINO HOUSEHOLDER)"
B17010I,POVERTY STATUS IN THE PAST 12 MONTHS OF FAMILIES BY FAMILY TYPE BY PRESENCE OF RELATED CHILDREN UNDER 18 YEARS BY AGE OF RELATED CHILDREN (HISPANIC OR LATINO)
B17020,POVERTY STATUS IN THE PAST 12 MONTHS BY AGE
B17020A,POVERTY STATUS IN THE PAST 12 MONTHS BY AGE (WHITE ALONE)
B17020B,POVERTY STATUS IN THE PAST 12 MONTHS BY AGE (BLACK OR AFRICAN AMERICAN ALONE)
B17020C,POVERTY STATUS IN THE PAST 12 MONTHS BY AGE (AMERICAN INDIAN AND ALASKA NATIVE ALONE)
B17020D,POVERTY STATUS IN THE PAST 12 MONTHS BY AGE (ASIAN ALONE)
B17020E,POVERTY STATUS IN THE PAST 12 MONTHS BY AGE (NATIVE HAWAIIAN AND OTHER PACIFIC ISLANDER ALONE)
B17020F,POVERTY STATUS IN THE PAST 12 MONTHS BY AGE (SOME OTHER RACE ALONE)
B17020G,POVERTY STATUS IN THE PAST 12 MONTHS BY AGE (TWO OR MORE RACES)
B17020H,"POVERTY STATUS IN THE PAST 12 MONTHS BY AGE (WHITE ALONE, NOT HISPANIC OR LATINO)"
B17020I,POVERTY STATUS IN THE PAST 12 MONTHS BY AGE (HISPANIC OR LATINO)
B18101,SEX BY AGE BY DISABILITY STATUS
B18101A,AGE BY DISABILITY STATUS (WHITE ALONE)
B18101B,AGE BY DISABILITY STATUS (BLACK OR AFRICAN AMERICAN ALONE)
B18101C,AGE BY DISABILITY STATUS (AMERICAN INDIAN AND ALASKA NATIVE ALONE)
B18101D,AGE BY DISABILITY STATUS (ASIAN ALONE)
B18101E,AGE BY DISABILITY STATUS (NATIVE HAWAIIAN AND OTHER PACIFIC ISLANDER ALONE)
B18101F,AGE BY DISABILITY STATUS (SOME OTHER RACE ALONE)
B18101G,AGE BY DISABILITY STATUS (TWO OR MORE RACES)
B18101H,"AGE BY DISABILITY STATUS (WHITE ALONE, NOT HISPANIC OR LATINO)"
B18101I,AGE BY DISABILITY STATUS (HISPANIC OR LATINO)
B19001,HOUSEHOLD INCOME IN THE PAST 12 MONTHS (IN 2019 INFLATION-ADJUSTED DOLLARS)
B19001A,HOUSEHOLD INCOME IN THE PAST 12 MONTHS (IN 2019 INFLATION-ADJUSTED DOLLARS) (WHITE ALONE HOUSEHOLDER)
B19001B,HOUSEHOLD INCOME IN THE PAST 12 MONTHS (IN 2019 INFLATION-ADJUSTED DOLLARS) (BLACK OR AFRICAN AMERICAN ALONE HOUSEHOLDER)
B19001C,HOUSEHOLD INCOME IN THE PAST 12 MONTHS (IN 2019 INFLATION-ADJUSTED DOLLARS) (AMERICAN INDIAN AND ALASKA NATIVE ALONE HOUSEHOLDER)
B19001D,HOUSEHOLD INCOME IN THE PAST 12 MONTHS (IN 2019 INFLATION-ADJUSTED DOLLARS) (ASIAN ALONE HOUSEHOLDER)
B19001E,HOUSEHOLD INCOME IN THE PAST 12 MONTHS (IN 2019 INFLATION-ADJUSTED DOLLARS) (NATIVE HAWAIIAN AND OTHER PACIFIC ISLANDER ALONE HOUSEHOLDER)
B19001F,HOUSEHOLD INCOME IN THE PAST 12 MONTHS (IN 2019 INFLATION-ADJUSTED DOLLARS) (SOME OTHER RACE ALONE HOUSEHOLDER)
B19001G,HOUSEHOLD INCOME IN THE PAST 12 MONTHS (IN 2019 INFLATION-ADJUSTED DOLLARS) (TWO OR MORE RACES HOUSEHOLDER)
B19001H,"HOUSEHOLD INCOME IN THE PAST 12 MONTHS (IN 2019 INFLATION-ADJUSTED DOLLARS) (WHITE ALONE, NOT HISPANIC OR LATINO HOUSEHOLDER)"
B19001I,HOUSEHOLD INCOME IN THE PAST 12 MONTHS (IN 2019 INFLATION-ADJUSTED DOLLARS) (HISPANIC OR LATINO HOUSEHOLDER)
B19013,MEDIAN HOUSEHOLD INCOME IN THE PAST 12 MONTHS (IN 2019 INFLATION-ADJUSTED DOLLARS)
B19013A,MEDIAN HOUSEHOLD INCOME IN THE PAST 12 MONTHS (IN 2019 INFLATION-ADJUSTED DOLLARS) (WHITE ALONE HOUSEHOLDER)
B19013B,MEDIAN HOUSEHOLD INCOME IN THE PAST 12 MONTHS (IN 2019 INFLATION-ADJUSTED DOLLARS) (BLACK OR AFRICAN AMERICAN ALONE HOUSEHOLDER)
B19013C,MEDIAN HOUSEHOLD INCOME IN THE PAST 12 MONTHS (IN 2019 INFLATION-ADJUSTED DOLLARS) (AMERICAN INDIAN AND ALASKA NATIVE ALONE HOUSEHOLDER)
B19013D,MEDIAN HOUSEHOLD INCOME IN THE PAST 12 MONTHS (IN 2019 INFLATION-ADJUSTED DOLLARS) (ASIAN ALONE HOUSEHOLDER)
B19013E,MEDIAN HOUSEHOLD INCOME IN THE PAST 12 MONTHS (IN 2019 INFLATION-ADJUSTED DOLLARS) (NATIVE HAWAIIAN AND OTHER PACIFIC ISLANDER ALONE HOUSEHOLDER)
B19013F,MEDIAN HOUSEHOLD INCOME IN THE PAST 12 MONTHS (IN 2019 INFLATION-ADJUSTED DOLLARS) (SOME OTHER RACE ALONE HOUSEHOLDER)
B19013G,MEDIAN HOUSEHOLD INCOME IN THE PAST 12 MONTHS (IN 2019 INFLATION-ADJUSTED DOLLARS) (TWO OR MORE RACES HOUSEHOLDER)
B19013H,"MEDIAN HOUSEHOLD INCOME IN THE PAST 12 MONTHS (IN 2019 INFLATION-ADJUSTED DOLLARS) (WHITE ALONE, NOT HISPANIC OR LATINO HOUSEHOLDER)"
B19013I,MEDIAN HOUSEHOLD INCOME IN THE PAST 12 MONTHS (IN 2019 INFLATION-ADJUSTED DOLLARS) (HISPANIC OR LATINO HOUSEHOLDER)
B19025,AGGREGATE HOUSEHOLD INCOME IN THE PAST 12 MONTHS (IN 2019 INFLATION-ADJUSTED DOLLARS)
B19025A,AGGREGATE HOUSEHOLD INCOME IN THE PAST 12 MONTHS (IN 2019 INFLATION-ADJUSTED DOLLARS) (WHITE ALONE HOUSEHOLDER)
B19025B,AGGREGATE HOUSEHOLD INCOME IN THE PAST 12 MONTHS (IN 2019 INFLATION-ADJUSTED DOLLARS) (BLACK OR AFRICAN AMERICAN ALONE HOUSEHOLDER)
B19025C,AGGREGATE HOUSEHOLD INCOME IN THE PAST 12 MONTHS (IN 2019 INFLATION-ADJUSTED DOLLARS) (AMERICAN INDIAN AND ALASKA NATIVE ALONE HOUSEHOLDER)
B19025D,AGGREGATE HOUSEHOLD INCOME IN THE PAST 12 MONTHS (IN 2019 INFLATION-ADJUSTED DOLLARS) (ASIAN ALONE HOUSEHOLDER)
B19025E,AGGREGATE HOUSEHOLD INCOME IN THE PAST 12 MONTHS (IN 2019 INFLATION-ADJUSTED DOLLARS) (NATIVE HAWAIIAN AND OTHER PACIFIC ISLANDER ALONE HOUSEHOLDER)
B19025F,AGGREGATE HOUSEHOLD INCOME IN THE PAST 12 MONTHS (IN 2019 INFLATION-ADJUSTED DOLLARS) (SOME OTHER RACE ALONE HOUSEHOLDER)
B19025G,AGGREGATE HOUSEHOLD INCOME IN THE PAST 12 MONTHS (IN 2019 INFLATION-ADJUSTED DOLLARS) (TWO OR MORE RACES HOUSEHOLDER)
B19025H,"AGGREGATE HOUSEHOLD INCOME IN THE PAST 12 MONTHS (IN 2019 INFLATION-ADJUSTED DOLLARS) (WHITE ALONE, NOT HISPANIC OR LATINO HOUSEHOLDER)"
B19025I,AGGREGATE HOUSEHOLD INCOME IN THE PAST 12 MONTHS (IN 2019 INFLATION-ADJUSTED DOLLARS) (HISPANIC OR LATINO HOUSEHOLDER)
B19037,AGE OF HOUSEHOLDER BY HOUSEHOLD INCOME IN THE PAST 12 MONTHS (IN 2019 INFLATION-ADJUSTED DOLLARS)
B19037A,AGE OF HOUSEHOLDER BY HOUSEHOLD INCOME IN THE PAST 12 MONTHS (IN 2019 INFLATION-ADJUSTED DOLLARS) (WHITE ALONE HOUSEHOLDER)
B19037B,AGE OF HOUSEHOLDER BY HOUSEHOLD INCOME IN THE PAST 12 MONTHS (IN 2019 INFLATION-ADJUSTED DOLLARS) (BLACK OR AFRICAN AMERICAN ALONE HOUSEHOLDER)
B19037C,AGE OF HOUSEHOLDER BY HOUSEHOLD INCOME IN THE PAST 12 MONTHS (IN 2019 INFLATION-ADJUSTED DOLLARS) (AMERICAN INDIAN AND ALASKA NATIVE ALONE HOUSEHOLDER)
B19037D,AGE OF HOUSEHOLDER BY HOUSEHOLD INCOME IN THE PAST 12 MONTHS (IN 2019 INFLATION-ADJUSTED DOLLARS) (ASIAN ALONE HOUSEHOLDER)
B19037E,AGE OF HOUSEHOLDER BY HOUSEHOLD INCOME IN THE PAST 12 MONTHS (IN 2019 INFLATION-ADJUSTED DOLLARS) (NATIVE HAWAIIAN AND OTHER PACIFIC ISLANDER ALONE HOUSEHOLDER)
B19037F,AGE OF HOUSEHOLDER BY HOUSEHOLD INCOME IN THE PAST 12 MONTHS (IN 2019 INFLATION-ADJUSTED DOLLARS) (SOME OTHER RACE ALONE HOUSEHOLDER)
B19037G,AGE OF HOUSEHOLDER BY HOUSEHOLD INCOME IN THE PAST 12 MONTHS (IN 2019 INFLATION-ADJUSTED DOLLARS) (TWO OR MORE RACES HOUSEHOLDER)
B19037H,"AGE OF HOUSEHOLDER BY HOUSEHOLD INCOME IN THE PAST 12 MONTHS (IN 2019 INFLATION-ADJUSTED DOLLARS) (WHITE ALONE, NOT HISPANIC OR LATINO HOUSEHOLDER)"
B19037I,AGE OF HOUSEHOLDER BY HOUSEHOLD INCOME IN THE PAST 12 MONTHS (IN 2019 INFLATION-ADJUSTED DOLLARS) (HISPANIC OR LATINO HOUSEHOLDER)
B19101,FAMILY INCOME IN THE PAST 12 MONTHS (IN 2019 INFLATION-ADJUSTED DOLLARS)
B19101A,FAMILY INCOME IN THE PAST 12 MONTHS (IN 2019 INFLATION-ADJUSTED DOLLARS) (WHITE ALONE HOUSEHOLDER)
B19101B,FAMILY INCOME IN THE PAST 12 MONTHS (IN 2019 INFLATION-ADJUSTED DOLLARS) (BLACK OR AFRICAN AMERICAN ALONE HOUSEHOLDER)
B19101C,FAMILY INCOME IN THE PAST 12 MONTHS (IN 2019 INFLATION-ADJUSTED DOLLARS) (AMERICAN INDIAN AND ALASKA NATIVE ALONE HOUSEHOLDER)
B19101D,FAMILY INCOME IN THE PAST 12 MONTHS (IN 2019 INFLATION-ADJUSTED DOLLARS) (ASIAN ALONE HOUSEHOLDER)
B19101E,FAMILY INCOME IN THE PAST 12 MONTHS (IN 2019 INFLATION-ADJUSTED DOLLARS) (NATIVE HAWAIIAN AND OTHER PACIFIC ISLANDER ALONE HOUSEHOLDER)
B19101F,FAMILY INCOME IN THE PAST 12 MONTHS (IN 2019 INFLATION-ADJUSTED DOLLARS) (SOME OTHER RACE ALONE HOUSEHOLDER)
B19101G,FAMILY INCOME IN THE PAST 12 MONTHS (IN 2019 INFLATION-ADJUSTED DOLLARS) (TWO OR MORE RACES HOUSEHOLDER)
B19101H,"FAMILY INCOME IN THE PAST 12 MONTHS (IN 2019 INFLATION-ADJUSTED DOLLARS) (WHITE ALONE, NOT HISPANIC OR LATINO HOUSEHOLDER)"
B19101I,FAMILY INCOME IN THE PAST 12 MONTHS (IN 2019 INFLATION-ADJUSTED DOLLARS) (HISPANIC OR LATINO HOUSEHOLDER)
B19113,MEDIAN FAMILY INCOME IN THE PAST 12 MONTHS (IN 2019 INFLATION-ADJUSTED DOLLARS)
B19113A,MEDIAN FAMILY INCOME IN THE PAST 12 MONTHS (IN 2019 INFLATION-ADJUSTED DOLLARS) (WHITE ALONE HOUSEHOLDER)
B19113B,MEDIAN FAMILY INCOME IN THE PAST 12 MONTHS (IN 2019 INFLATION-ADJUSTED DOLLARS) (BLACK OR AFRICAN AMERICAN ALONE HOUSEHOLDER)
B19113C,MEDIAN FAMILY INCOME IN THE PAST 12 MONTHS (IN 2019 INFLATION-ADJUSTED DOLLARS) (AMERICAN INDIAN AND ALASKA NATIVE ALONE HOUSEHOLDER)
B19113D,MEDIAN FAMILY INCOME IN THE PAST 12 MONTHS (IN 2019 INFLATION-ADJUSTED DOLLARS) (ASIAN ALONE HOUSEHOLDER)
B19113E,MEDIAN FAMILY INCOME IN THE PAST 12 MONTHS (IN 2019 INFLATION-ADJUSTED DOLLARS) (NATIVE HAWAIIAN AND OTHER PACIFIC ISLANDER ALONE HOUSEHOLDER)
B19113F,MEDIAN FAMILY INCOME IN THE PAST 12 MONTHS (IN 2019 INFLATION-ADJUSTED DOLLARS) (SOME OTHER RACE ALONE HOUSEHOLDER)
B19113G,MEDIAN FAMILY INCOME IN THE PAST 12 MONTHS (IN 2019 INFLATION-ADJUSTED DOLLARS) (TWO OR MORE RACES)
B19113H,"MEDIAN FAMILY INCOME IN THE PAST 12 MONTHS (IN 2019 INFLATION-ADJUSTED DOLLARS) (WHITE ALONE, NOT HISPANIC OR LATINO HOUSEHOLDER)"
B19113I,MEDIAN FAMILY INCOME IN THE PAST 12 MONTHS (IN 2019 INFLATION-ADJUSTED DOLLARS) (HISPANIC OR LATINO HOUSEHOLDER)
B19202,MEDIAN NONFAMILY HOUSEHOLD INCOME IN THE PAST 12 MONTHS (IN 2019 INFLATION-ADJUSTED DOLLARS)
B19202A,MEDIAN NONFAMILY HOUSEHOLD INCOME IN THE PAST 12 MONTHS (IN 2019 INFLATION-ADJUSTED DOLLARS) (WHITE ALONE HOUSEHOLDER)
B19202B,MEDIAN NONFAMILY HOUSEHOLD INCOME IN THE PAST 12 MONTHS (IN 2019 INFLATION-ADJUSTED DOLLARS) (BLACK OR AFRICAN AMERICAN ALONE HOUSEHOLDER)
B19202C,MEDIAN NONFAMILY HOUSEHOLD INCOME IN THE PAST 12 MONTHS (IN 2019 INFLATION-ADJUSTED DOLLARS) (AMERICAN INDIAN AND ALASKA NATIVE ALONE HOUSEHOLDER)
B19202D,MEDIAN NONFAMILY HOUSEHOLD INCOME IN THE PAST 12 MONTHS (IN 2019 INFLATION-ADJUSTED DOLLARS) (ASIAN ALONE HOUSEHOLDER)
B19202E,MEDIAN NONFAMILY HOUSEHOLD INCOME IN THE PAST 12 MONTHS (IN 2019 INFLATION-ADJUSTED DOLLARS) (NATIVE HAWAIIAN AND OTHER PACIFIC ISLANDER ALONE HOUSEHOLDER)
B19202F,MEDIAN NONFAMILY HOUSEHOLD INCOME IN THE PAST 12 MONTHS (IN 2019 INFLATION-ADJUSTED DOLLARS) (SOME OTHER RACE ALONE HOUSEHOLDER)
B19202G,MEDIAN NONFAMILY HOUSEHOLD INCOME IN THE PAST 12 MONTHS (IN 2019 INFLATION-ADJUSTED DOLLARS) (TWO OR MORE RACES HOUSEHOLDER)
B19202H,"MEDIAN NONFAMILY HOUSEHOLD INCOME IN THE PAST 12 MONTHS (IN 2019 INFLATION-ADJUSTED DOLLARS) (WHITE ALONE, NOT HISPANIC OR LATINO HOUSEHOLDER)"
B19202I,MEDIAN NONFAMILY HOUSEHOLD INCOME IN THE PAST 12 MONTHS (IN 2019 INFLATION-ADJUSTED DOLLARS) (HISPANIC OR LATINO HOUSEHOLDER)
B19301,PER CAPITA INCOME IN THE PAST 12 MONTHS (IN 2019 INFLATION-ADJUSTED DOLLARS)
B19301A,PER CAPITA INCOME IN THE PAST 12 MONTHS (IN 2019 INFLATION-ADJUSTED DOLLARS) (WHITE ALONE)
B19301B,PER CAPITA INCOME IN THE PAST 12 MONTHS (IN 2019 INFLATION-ADJUSTED DOLLARS) (BLACK OR AFRICAN AMERICAN ALONE)
B19301C,PER CAPITA INCOME IN THE PAST 12 MONTHS (IN 2019 INFLATION-ADJUSTED DOLLARS) (AMERICAN INDIAN AND ALASKA NATIVE ALONE)
B19301D,PER CAPITA INCOME IN THE PAST 12 MONTHS (IN 2019 INFLATION-ADJUSTED DOLLARS) (ASIAN ALONE)
B19301E,PER CAPITA INCOME IN THE PAST 12 MONTHS (IN 2019 INFLATION-ADJUSTED DOLLARS) (NATIVE HAWAIIAN AND OTHER PACIFIC ISLANDER ALONE)
B19301F,PER CAPITA INCOME IN THE PAST 12 MONTHS (IN 2019 INFLATION-ADJUSTED DOLLARS) (SOME OTHER RACE ALONE)
B19301G,PER CAPITA INCOME IN THE PAST 12 MONTHS (IN 2019 INFLATION-ADJUSTED DOLLARS) (TWO OR MORE RACES)
B19301H,"PER CAPITA INCOME IN THE PAST 12 MONTHS (IN 2019 INFLATION-ADJUSTED DOLLARS) (WHITE ALONE, NOT HISPANIC OR LATINO)"
B19301I,PER CAPITA INCOME IN THE PAST 12 MONTHS (IN 2019 INFLATION-ADJUSTED DOLLARS) (HISPANIC OR LATINO)
B19313,AGGREGATE INCOME IN THE PAST 12 MONTHS (IN 2019 INFLATION-ADJUSTED DOLLARS)
B19313A,AGGREGATE INCOME IN THE PAST 12 MONTHS (IN 2019 INFLATION-ADJUSTED DOLLARS) FOR THE POPULATION 15 YEARS AND OVER (WHITE ALONE)
B19313B,AGGREGATE INCOME IN THE PAST 12 MONTHS (IN 2019 INFLATION-ADJUSTED DOLLARS) FOR THE POPULATION 15 YEARS AND OVER (BLACK OR AFRICAN AMERICAN ALONE)
B19313C,AGGREGATE INCOME IN THE PAST 12 MONTHS (IN 2019 INFLATION-ADJUSTED DOLLARS) FOR THE POPULATION 15 YEARS AND OVER (AMERICAN INDIAN AND ALASKA NATIVE ALONE)
B19313D,AGGREGATE INCOME IN THE PAST 12 MONTHS (IN 2019 INFLATION-ADJUSTED DOLLARS) FOR THE POPULATION 15 YEARS AND OVER (ASIAN ALONE)
B19313E,AGGREGATE INCOME IN THE PAST 12 MONTHS (IN 2019 INFLATION-ADJUSTED DOLLARS) FOR THE POPULATION 15 YEARS AND OVER (NATIVE HAWAIIAN AND OTHER PACIFIC ISLANDER ALONE)
B19313F,AGGREGATE INCOME IN THE PAST 12 MONTHS (IN 2019 INFLATION-ADJUSTED DOLLARS) FOR THE POPULATION 15 YEARS AND OVER (SOME OTHER RACE ALONE)
B19313G,AGGREGATE INCOME IN THE PAST 12 MONTHS (IN 2019 INFLATION-ADJUSTED DOLLARS) FOR THE POPULATION 15 YEARS AND OVER (TWO OR MORE RACES)
B19313H,"AGGREGATE INCOME IN THE PAST 12 MONTHS (IN 2019 INFLATION-ADJUSTED DOLLARS) FOR THE POPULATION 15 YEARS AND OVER (WHITE ALONE, NOT HISPANIC OR LATINO)"
B19313I,AGGREGATE INCOME IN THE PAST 12 MONTHS (IN 2019 INFLATION-ADJUSTED DOLLARS) FOR THE POPULATION 15 YEARS AND OVER (HISPANIC OR LATINO)
B20005,SEX BY WORK EXPERIENCE IN THE PAST 12 MONTHS BY EARNINGS IN THE PAST 12 MONTHS (IN 2019 INFLATION-ADJUSTED DOLLARS) FOR THE POPULATION 16 YEARS AND OVER
B20005A,SEX BY WORK EXPERIENCE IN THE PAST 12 MONTHS BY EARNINGS IN THE PAST 12 MONTHS (IN 2019 INFLATION-ADJUSTED DOLLARS) FOR THE POPULATION 16 YEARS AND OVER (WHITE ALONE)
B20005B,SEX BY WORK EXPERIENCE IN THE PAST 12 MONTHS BY EARNINGS IN THE PAST 12 MONTHS (IN 2019 INFLATION-ADJUSTED DOLLARS) FOR THE POPULATION 16 YEARS AND OVER (BLACK OR AFRICAN AMERICAN ALONE)
B20005C,SEX BY WORK EXPERIENCE IN THE PAST 12 MONTHS BY EARNINGS IN THE PAST 12 MONTHS (IN 2019 INFLATION-ADJUSTED DOLLARS) FOR THE POPULATION 16 YEARS AND OVER (AMERICAN INDIAN AND ALASKA NATIVE ALONE)
B20005D,SEX BY WORK EXPERIENCE IN THE PAST 12 MONTHS BY EARNINGS IN THE PAST 12 MONTHS (IN 2019 INFLATION-ADJUSTED DOLLARS) FOR THE POPULATION 16 YEARS AND OVER (ASIAN ALONE)
B20005E,SEX BY WORK EXPERIENCE IN THE PAST 12 MONTHS BY EARNINGS IN THE PAST 12 MONTHS (IN 2019 INFLATION-ADJUSTED DOLLARS) FOR THE POPULATION 16 YEARS AND OVER (NATIVE HAWAIIAN AND OTHER PACIFIC ISLANDER ALONE)
B20005F,SEX BY WORK EXPERIENCE IN THE PAST 12 MONTHS BY EARNINGS IN THE PAST 12 MONTHS (IN 2019 INFLATION-ADJUSTED DOLLARS) FOR THE POPULATION 16 YEARS AND OVER (SOME OTHER RACE ALONE)
B20005G,SEX BY WORK EXPERIENCE IN THE PAST 12 MONTHS BY EARNINGS IN THE PAST 12 MONTHS (IN 2019 INFLATION-ADJUSTED DOLLARS) FOR THE POPULATION 16 YEARS AND OVER (TWO OR MORE RACES)
B20005H,"SEX BY WORK EXPERIENCE IN THE PAST 12 MONTHS BY EARNINGS IN THE PAST 12 MONTHS (IN 2019 INFLATION-ADJUSTED DOLLARS) FOR THE POPULATION 16 YEARS AND OVER (WHITE ALONE, NOT HISPANIC OR LATINO)"
B20005I,SEX BY WORK EXPERIENCE IN THE PAST 12 MONTHS BY EARNINGS IN THE PAST 12 MONTHS (IN 2019 INFLATION-ADJUSTED DOLLARS) FOR THE POPULATION 16 YEARS AND OVER (HISPANIC OR LATINO)
B20017,MEDIAN EARNINGS IN THE PAST 12 MONTHS (IN 2019 INFLATION-ADJUSTED DOLLARS) BY SEX BY WORK EXPERIENCE IN THE PAST 12 MONTHS FOR THE POPULATION 16 YEARS AND OVER WITH EARNINGS IN THE PAST 12 MONTHS
B20017A,MEDIAN EARNINGS IN THE PAST 12 MONTHS (IN 2019 INFLATION-ADJUSTED DOLLARS) BY SEX BY WORK EXPERIENCE IN THE PAST 12 MONTHS FOR THE POPULATION 16 YEARS AND OVER WITH EARNINGS IN THE PAST 12 MONTHS (WHITE ALONE)
B20017B,MEDIAN EARNINGS IN THE PAST 12 MONTHS (IN 2019 INFLATION-ADJUSTED DOLLARS) BY SEX BY WORK EXPERIENCE IN THE PAST 12 MONTHS FOR THE POPULATION 16 YEARS AND OVER WITH EARNINGS IN THE PAST 12 MONTHS (BLACK OR AFRICAN AMERICAN ALONE)
B20017C,MEDIAN EARNINGS IN THE PAST 12 MONTHS (IN 2019 INFLATION-ADJUSTED DOLLARS) BY SEX BY WORK EXPERIENCE IN THE PAST 12 MONTHS FOR THE POPULATION 16 YEARS AND OVER WITH EARNINGS IN THE PAST 12 MONTHS (AMERICAN INDIAN AND ALASKA NATIVE ALONE)
B20017D,MEDIAN EARNINGS IN THE PAST 12 MONTHS (IN 2019 INFLATION-ADJUSTED DOLLARS) BY SEX BY WORK EXPERIENCE IN THE PAST 12 MONTHS FOR THE POPULATION 16 YEARS AND OVER WITH EARNINGS IN THE PAST 12 MONTHS (ASIAN ALONE)
B20017E,MEDIAN EARNINGS IN THE PAST 12 MONTHS (IN 2019 INFLATION-ADJUSTED DOLLARS) BY SEX BY WORK EXPERIENCE IN THE PAST 12 MONTHS FOR THE POPULATION 16 YEARS AND OVER WITH EARNINGS IN THE PAST 12 MONTHS (NATIVE HAWAIIAN AND OTHER PACIFIC ISLANDER ALONE)
B20017F,MEDIAN EARNINGS IN THE PAST 12 MONTHS (IN 2019 INFLATION-ADJUSTED DOLLARS) BY SEX BY WORK EXPERIENCE IN THE PAST 12 MONTHS FOR THE POPULATION 16 YEARS AND OVER WITH EARNINGS IN THE PAST 12 MONTHS (SOME OTHER RACE ALONE)
B20017G,MEDIAN EARNINGS IN THE PAST 12 MONTHS (IN 2019 INFLATION-ADJUSTED DOLLARS) BY SEX BY WORK EXPERIENCE IN THE PAST 12 MONTHS FOR THE POPULATION 16 YEARS AND OVER WITH EARNINGS IN THE PAST 12 MONTHS (TWO OR MORE RACES)
B20017H,"MEDIAN EARNINGS IN THE PAST 12 MONTHS (IN 2019 INFLATION-ADJUSTED DOLLARS) BY SEX BY WORK EXPERIENCE IN THE PAST 12 MONTHS FOR THE POPULATION 16 YEARS AND OVER WITH EARNINGS IN THE PAST 12 MONTHS (WHITE ALONE, NOT HISPANIC OR LATINO)"
B20017I,MEDIAN EARNINGS IN THE PAST 12 MONTHS (IN 2019 INFLATION-ADJUSTED DOLLARS) BY SEX BY WORK EXPERIENCE IN THE PAST 12 MONTHS FOR THE POPULATION 16 YEARS AND OVER WITH EARNINGS (HISPANIC OR LATINO)
B22005A,RECEIPT OF FOOD STAMPS/SNAP IN THE PAST 12 MONTHS BY RACE OF HOUSEHOLDER (WHITE ALONE)
B22005B,RECEIPT OF FOOD STAMPS/SNAP IN THE PAST 12 MONTHS BY RACE OF HOUSEHOLDER (BLACK OR AFRICAN AMERICAN ALONE)
B22005C,RECEIPT OF FOOD STAMPS/SNAP IN THE PAST 12 MONTHS BY RACE OF HOUSEHOLDER (AMERICAN INDIAN AND ALASKA NATIVE ALONE)
B22005D,RECEIPT OF FOOD STAMPS/SNAP IN THE PAST 12 MONTHS BY RACE OF HOUSEHOLDER (ASIAN ALONE)
B22005E,RECEIPT OF FOOD STAMPS/SNAP IN THE PAST 12 MONTHS BY RACE OF HOUSEHOLDER (NATIVE HAWAIIAN AND OTHER PACIFIC ISLANDER ALONE)
B22005F,RECEIPT OF FOOD STAMPS/SNAP IN THE PAST 12 MONTHS BY RACE OF HOUSEHOLDER (SOME OTHER RACE ALONE)
B22005G,RECEIPT OF FOOD STAMPS/SNAP IN THE PAST 12 MONTHS BY RACE OF HOUSEHOLDER (TWO OR MORE RACES)
B22005H,"RECEIPT OF FOOD STAMPS/SNAP IN THE PAST 12 MONTHS BY RACE OF HOUSEHOLDER (WHITE ALONE, NOT HISPANIC OR LATINO)"
B22005I,RECEIPT OF FOOD STAMPS/SNAP IN THE PAST 12 MONTHS BY RACE OF HOUSEHOLDER (HISPANIC OR LATINO)
B25003,TENURE
B25003A,TENURE (WHITE ALONE HOUSEHOLDER)
B25003B,TENURE (BLACK OR AFRICAN AMERICAN ALONE HOUSEHOLDER)
B25003C,TENURE (AMERICAN INDIAN AND ALASKA NATIVE ALONE HOUSEHOLDER)
B25003D,TENURE (ASIAN ALONE HOUSEHOLDER)
B25003E,TENURE (NATIVE HAWAIIAN AND OTHER PACIFIC ISLANDER ALONE HOUSEHOLDER)
B25003F,TENURE (SOME OTHER RACE ALONE HOUSEHOLDER)
B25003G,TENURE (TWO OR MORE RACES HOUSEHOLDER)
B25003H,"TENURE (WHITE ALONE, NOT HISPANIC OR LATINO HOUSEHOLDER)"
B25003I,TENURE (HISPANIC OR LATINO HOUSEHOLDER)
B25014,TENURE BY OCCUPANTS PER ROOM
B25014A,OCCUPANTS PER ROOM (WHITE ALONE HOUSEHOLDER)
B25014B,OCCUPANTS PER ROOM (BLACK OR AFRICAN AMERICAN ALONE HOUSEHOLDER)
B25014C,OCCUPANTS PER ROOM (AMERICAN INDIAN AND ALASKA NATIVE ALONE HOUSEHOLDER)
B25014D,OCCUPANTS PER ROOM (ASIAN ALONE HOUSEHOLDER)
B25014E,OCCUPANTS PER ROOM (NATIVE HAWAIIAN AND OTHER PACIFIC ISLANDER ALONE HOUSEHOLDER)
B25014F,OCCUPANTS PER ROOM (SOME OTHER RACE ALONE HOUSEHOLDER)
B25014G,OCCUPANTS PER ROOM (TWO OR MORE RACES HOUSEHOLDER)
B25014H,"OCCUPANTS PER ROOM (WHITE ALONE, NOT HISPANIC OR LATINO HOUSEHOLDER)"
B25014I,OCCUPANTS PER ROOM (HISPANIC OR LATINO HOUSEHOLDER)
B25032,TENURE BY UNITS IN STRUCTURE
B25032A,UNITS IN STRUCTURE (WHITE ALONE HOUSEHOLDER)
B25032B,UNITS IN STRUCTURE (BLACK OR AFRICAN AMERICAN ALONE HOUSEHOLDER)
B25032C,UNITS IN STRUCTURE (AMERICAN INDIAN AND ALASKA NATIVE ALONE HOUSEHOLDER)
B25032D,UNITS IN STRUCTURE (ASIAN ALONE HOUSEHOLDER)
B25032E,UNITS IN STRUCTURE (NATIVE HAWAIIAN AND OTHER PACIFIC ISLANDER ALONE HOUSEHOLDER)
B25032F,UNITS IN STRUCTURE (SOME OTHER RACE ALONE HOUSEHOLDER)
B25032G,UNITS IN STRUCTURE (TWO OR MORE RACES HOUSEHOLDER)
B25032H,"UNITS IN STRUCTURE (WHITE ALONE, NOT HISPANIC OR LATINO HOUSEHOLDER)"
B25032I,UNITS IN STRUCTURE (HISPANIC OR LATINO HOUSEHOLDER)
B26103,GROUP QUARTERS TYPE (3 TYPES)
B26103A,GROUP QUARTERS TYPE (3 TYPES) (WHITE ALONE)
B26103B,GROUP QUARTERS TYPE (3 TYPES) (BLACK OR AFRICAN AMERICAN ALONE)
B26103C,GROUP QUARTERS TYPE (3 TYPES) (AMERICAN INDIAN AND ALASKA NATIVE ALONE)
B26103D,GROUP QUARTERS TYPE (3 TYPES) (ASIAN ALONE)
B26103E,GROUP QUARTERS TYPE (3 TYPES) (NATIVE HAWAIIAN AND OTHER PACIFIC ISLANDER ALONE)
B26103F,GROUP QUARTERS TYPE (3 TYPES) (SOME OTHER RACE ALONE)
B26103G,GROUP QUARTERS TYPE (3 TYPES) (TWO OR MORE RACES)
B26103H,"GROUP QUARTERS TYPE (3 TYPES) (WHITE ALONE, NOT HISPANIC OR LATINO)"
B26103I,GROUP QUARTERS TYPE (3 TYPES) (HISPANIC OR LATINO)
B26109,GROUP QUARTERS TYPE (3 TYPES) BY GEOGRAPHICAL MOBILITY IN THE PAST YEAR FOR CURRENT RESIDENCE IN THE UNITED STATES
B26109PR,GROUP QUARTERS TYPE (3 TYPES) BY GEOGRAPHICAL MOBILITY IN THE PAST YEAR FOR CURRENT RESIDENCE IN PUERTO RICO
B26203,GROUP QUARTERS TYPE (5 TYPES)
B26203A,GROUP QUARTERS TYPE (5 TYPES) (WHITE ALONE)
B26203B,GROUP QUARTERS TYPE (5 TYPES) (BLACK OR AFRICAN AMERICAN ALONE)
B26203C,GROUP QUARTERS TYPE (5 TYPES) (AMERICAN INDIAN AND ALASKA NATIVE ALONE)
B26203D,GROUP QUARTERS TYPE (5 TYPES) (ASIAN ALONE)
B26203E,GROUP QUARTERS TYPE (5 TYPES) (NATIVE HAWAIIAN AND OTHER PACIFIC ISLANDER ALONE)
B26203F,GROUP QUARTERS TYPE (5 TYPES) (SOME OTHER RACE ALONE)
B26203G,GROUP QUARTERS TYPE (5 TYPES) (TWO OR MORE RACES)
B26203H,"GROUP QUARTERS TYPE (5 TYPES) (WHITE ALONE, NOT HISPANIC OR LATINO)"
B26203I,GROUP QUARTERS TYPE (5 TYPES) (HISPANIC OR LATINO)
B28009A,PRESENCE OF A COMPUTER AND TYPE OF INTERNET SUBSCRIPTION IN HOUSEHOLD (WHITE ALONE)
B28009B,PRESENCE OF A COMPUTER AND TYPE OF INTERNET SUBSCRIPTION IN HOUSEHOLD (BLACK OR AFRICAN AMERICAN ALONE)
B28009C,PRESENCE OF A COMPUTER AND TYPE OF INTERNET SUBSCRIPTION IN HOUSEHOLD (AMERICAN INDIAN AND ALASKA NATIVE ALONE)
B28009D,PRESENCE OF A COMPUTER AND TYPE OF INTERNET SUBSCRIPTION IN HOUSEHOLD (ASIAN ALONE)
B28009E,PRESENCE OF A COMPUTER AND TYPE OF INTERNET SUBSCRIPTION IN HOUSEHOLD (NATIVE HAWAIIAN AND OTHER PACIFIC ISLANDER ALONE)
B28009F,PRESENCE OF A COMPUTER AND TYPE OF INTERNET SUBSCRIPTION IN HOUSEHOLD (SOME OTHER RACE ALONE)
B28009G,PRESENCE OF A COMPUTER AND TYPE OF INTERNET SUBSCRIPTION IN HOUSEHOLD (TWO OR MORE RACES)
B28009H,"PRESENCE OF A COMPUTER AND TYPE OF INTERNET SUBSCRIPTION IN HOUSEHOLD (WHITE ALONE, NOT HISPANIC OR LATINO)"
B28009I,PRESENCE OF A COMPUTER AND TYPE OF INTERNET SUBSCRIPTION IN HOUSEHOLD (HISPANIC OR LATINO)
B99052,ALLOCATION OF YEAR OF ENTRY
B99052PR,ALLOCATION OF YEAR OF ENTRY FOR POPULATION BORN OUTSIDE PUERTO RICO
C15002A,SEX BY EDUCATIONAL ATTAINMENT FOR THE POPULATION 25 YEARS AND OVER (WHITE ALONE)
C15002B,SEX BY EDUCATIONAL ATTAINMENT FOR THE POPULATION 25 YEARS AND OVER (BLACK OR AFRICAN AMERICAN ALONE)
C15002C,SEX BY EDUCATIONAL ATTAINMENT FOR THE POPULATION 25 YEARS AND OVER (AMERICAN INDIAN AND ALASKA NATIVE ALONE)
C15002D,SEX BY EDUCATIONAL ATTAINMENT FOR THE POPULATION 25 YEARS AND OVER (ASIAN ALONE)
C15002E,SEX BY EDUCATIONAL ATTAINMENT FOR THE POPULATION 25 YEARS AND OVER (NATIVE HAWAIIAN AND OTHER PACIFIC ISLANDER ALONE)
C15002F,SEX BY EDUCATIONAL ATTAINMENT FOR THE POPULATION 25 YEARS AND OVER (SOME OTHER RACE ALONE)
C15002G,SEX BY EDUCATIONAL ATTAINMENT FOR THE POPULATION 25 YEARS AND OVER (TWO OR MORE RACES)
C15002H,"SEX BY EDUCATIONAL ATTAINMENT FOR THE POPULATION 25 YEARS AND OVER (WHITE ALONE, NOT HISPANIC OR LATINO)"
C15002I,SEX BY EDUCATIONAL ATTAINMENT FOR THE POPULATION 25 YEARS AND OVER (HISPANIC OR LATINO)
C15010,FIELD OF BACHELOR'S DEGREE FOR FIRST MAJOR FOR THE POPULATION 25 YEARS AND OVER
C15010A,FIELD OF BACHELOR'S DEGREE FOR FIRST MAJOR THE POPULATION 25 YEARS AND OVER (WHITE ALONE)
C15010B,FIELD OF BACHELOR'S DEGREE FOR FIRST MAJOR THE POPULATION 25 YEARS AND OVER (BLACK OR AFRICAN AMERICAN ALONE)
C15010C,FIELD OF BACHELOR'S DEGREE FOR FIRST MAJOR THE POPULATION 25 YEARS AND OVER (AMERICAN INDIAN AND ALASKA NATIVE ALONE)
C15010D,FIELD OF BACHELOR'S DEGREE FOR FIRST MAJOR THE POPULATION 25 YEARS AND OVER (ASIAN ALONE)
C15010E,FIELD OF BACHELOR'S DEGREE FOR FIRST MAJOR THE POPULATION 25 YEARS AND OVER (NATIVE HAWAIIAN AND OTHER PACIFIC ISLANDER ALONE)
C15010F,FIELD OF BACHELOR'S DEGREE FOR FIRST MAJOR THE POPULATION 25 YEARS AND OVER (SOME OTHER RACE ALONE)
C15010G,FIELD OF BACHELOR'S DEGREE FOR FIRST MAJOR THE POPULATION 25 YEARS AND OVER (TWO OR MORE RACES)
C15010H,"FIELD OF BACHELOR'S DEGREE FOR FIRST MAJOR THE POPULATION 25 YEARS AND OVER (WHITE ALONE, NOT HISPANIC OR LATINO)"
C15010I,FIELD OF BACHELOR'S DEGREE FOR FIRST MAJOR THE POPULATION 25 YEARS AND OVER (HISPANIC OR LATINO)
C21001A,SEX BY AGE BY VETERAN STATUS FOR THE CIVILIAN POPULATION 18 YEARS AND OVER (WHITE ALONE)
C21001B,SEX BY AGE BY VETERAN STATUS FOR THE CIVILIAN POPULATION 18 YEARS AND OVER (BLACK OR AFRICAN AMERICAN ALONE)
C21001C,SEX BY AGE BY VETERAN STATUS FOR THE CIVILIAN POPULATION 18 YEARS AND OVER (AMERICAN INDIAN AND ALASKA NATIVE ALONE)
C21001D,SEX BY AGE BY VETERAN STATUS FOR THE CIVILIAN POPULATION 18 YEARS AND OVER (ASIAN ALONE)
C21001E,SEX BY AGE BY VETERAN STATUS FOR THE CIVILIAN POPULATION 18 YEARS AND OVER (NATIVE HAWAIIAN AND OTHER PACIFIC ISLANDER ALONE)
C21001F,SEX BY AGE BY VETERAN STATUS FOR THE CIVILIAN POPULATION 18 YEARS AND OVER (SOME OTHER RACE ALONE)
C21001G,SEX BY AGE BY VETERAN STATUS FOR THE CIVILIAN POPULATION 18 YEARS AND OVER (TWO OR MORE RACES)
C21001H,"SEX BY AGE BY VETERAN STATUS FOR THE CIVILIAN POPULATION 18 YEARS AND OVER (WHITE ALONE, NOT HISPANIC OR LATINO)"
C21001I,SEX BY AGE BY VETERAN STATUS FOR THE CIVILIAN POPULATION 18 YEARS AND OVER (HISPANIC OR LATINO)
C23002A,SEX BY AGE BY EMPLOYMENT STATUS FOR THE POPULATION 16 YEARS AND OVER (WHITE ALONE)
C23002B,SEX BY AGE BY EMPLOYMENT STATUS FOR THE POPULATION 16 YEARS AND OVER (BLACK OR AFRICAN AMERICAN ALONE)
C23002C,SEX BY AGE BY EMPLOYMENT STATUS FOR THE POPULATION 16 YEARS AND OVER (AMERICAN INDIAN AND ALASKA NATIVE ALONE)
C23002D,SEX BY AGE BY EMPLOYMENT STATUS FOR THE POPULATION 16 YEARS AND OVER (ASIAN ALONE)
C23002E,SEX BY AGE BY EMPLOYMENT STATUS FOR THE POPULATION 16 YEARS AND OVER (NATIVE HAWAIIAN AND OTHER PACIFIC ISLANDER ALONE)
C23002F,SEX BY AGE BY EMPLOYMENT STATUS FOR THE POPULATION 16 YEARS AND OVER (SOME OTHER RACE ALONE)
C23002G,SEX BY AGE BY EMPLOYMENT STATUS FOR THE POPULATION 16 YEARS AND OVER (TWO OR MORE RACES)
C23002H,"SEX BY AGE BY EMPLOYMENT STATUS FOR THE POPULATION 16 YEARS AND OVER (WHITE ALONE, NOT HISPANIC OR LATINO)"
C23002I,SEX BY AGE BY EMPLOYMENT STATUS FOR THE POPULATION 16 YEARS AND OVER (HISPANIC OR LATINO)
C24010,SEX BY OCCUPATION FOR THE CIVILIAN EMPLOYED POPULATION 16 YEARS AND OVER
C24010A,SEX BY OCCUPATION FOR THE CIVILIAN EMPLOYED POPULATION 16 YEARS AND OVER (WHITE ALONE)
C24010B,SEX BY OCCUPATION FOR THE CIVILIAN EMPLOYED POPULATION 16 YEARS AND OVER (BLACK OR AFRICAN AMERICAN ALONE)
C24010C,SEX BY OCCUPATION FOR THE CIVILIAN EMPLOYED POPULATION 16 YEARS AND OVER (AMERICAN INDIAN AND ALASKA NATIVE ALONE)
C24010D,SEX BY OCCUPATION FOR THE CIVILIAN EMPLOYED POPULATION 16 YEARS AND OVER (ASIAN ALONE)
C24010E,SEX BY OCCUPATION FOR THE CIVILIAN EMPLOYED POPULATION 16 YEARS AND OVER (NATIVE HAWAIIAN AND OTHER PACIFIC ISLANDER ALONE)
C24010F,SEX BY OCCUPATION FOR THE CIVILIAN EMPLOYED POPULATION 16 YEARS AND OVER (SOME OTHER RACE ALONE)
C24010G,SEX BY OCCUPATION FOR THE CIVILIAN EMPLOYED POPULATION 16 YEARS AND OVER (TWO OR MORE RACES)
C24010H,"SEX BY OCCUPATION FOR THE CIVILIAN EMPLOYED POPULATION 16 YEARS AND OVER (WHITE ALONE, NOT HISPANIC OR LATINO)"
C24010I,SEX BY OCCUPATION FOR THE CIVILIAN EMPLOYED POPULATION 16 YEARS AND OVER (HISPANIC OR LATINO)
C27001A,HEALTH INSURANCE COVERAGE STATUS BY AGE (WHITE ALONE)
C27001B,HEALTH INSURANCE COVERAGE STATUS BY AGE (BLACK OR AFRICAN AMERICAN ALONE)
C27001C,HEALTH INSURANCE COVERAGE STATUS BY AGE (AMERICAN INDIAN AND ALASKA NATIVE ALONE)
C27001D,HEALTH INSURANCE COVERAGE STATUS BY AGE (ASIAN ALONE)
C27001E,HEALTH INSURANCE COVERAGE STATUS BY AGE (NATIVE HAWAIIAN AND OTHER PACIFIC ISLANDER ALONE)
C27001F,HEALTH INSURANCE COVERAGE STATUS BY AGE (SOME OTHER RACE ALONE)
C27001G,HEALTH INSURANCE COVERAGE STATUS BY AGE (TWO OR MORE RACES)
C27001H,"HEALTH INSURANCE COVERAGE STATUS BY AGE (WHITE ALONE, NOT HISPANIC OR LATINO)"
C27001I,HEALTH INSURANCE COVERAGE STATUS BY AGE (HISPANIC OR LATINO)
